id,symbol,name,image,current_price,market_cap,market_cap_rank,fully_diluted_valuation,total_volume,high_24h,low_24h,price_change_24h,price_change_percentage_24h,market_cap_change_24h,market_cap_change_percentage_24h,circulating_supply,total_supply,max_supply,ath,ath_change_percentage,ath_date,atl,atl_change_percentage,atl_date,roi,last_updated
bitcoin,btc,Bitcoin,https://coin-images.coingecko.com/coins/images/1/large/bitcoin.png?1696501400,7223876,1.44E+14,1,1.44E+14,6.21E+12,7740433,7206795,-379310.317,-4.98883,-7.64E+12,-5.02445,19982656,19982656,21000000,11187013,-35.42623,2025-10-06T18:57:42.558Z,3993.42,180794.5003,2013-07-05T00:00:00.000Z,,2026-01-31T18:00:59.096Z
ethereum,eth,Ethereum,https://coin-images.coingecko.com/coins/images/279/large/ethereum.png?1696501628,220014,2.65E+13,2,2.65E+13,3.64E+12,252590,219608,-28566.99537,-11.49201,-3.48E+12,-11.59771,120694153.2,120694153.2,,431946,-49.06432,2025-08-24T19:21:03.333Z,28.13,781999.9828,2015-10-20T00:00:00.000Z,"{'times': 39.73562885936562, 'currency': 'btc', 'percentage': 3973.5628859365615}",2026-01-31T18:00:58.947Z
tether,usdt,Tether,https://coin-images.coingecko.com/coins/images/325/large/Tether.png?1696501661,91.54,1.70E+13,3,1.75E+13,1.10E+13,91.71,91.51,-0.048786365,-0.05327,-47177740574,-0.27725,1.85E+11,1.91E+11,,105.52,-13.25013,2025-01-25T16:51:57.989Z,36.86,148.3407,2015-03-02T00:00:00.000Z,,2026-01-31T18:01:17.288Z
binancecoin,bnb,BNB,https://coin-images.coingecko.com/coins/images/825/large/bnb-icon2_2x.png?1696501970,71557,9.76E+12,4,9.76E+12,2.11E+11,78778,71366,-6214.898559,-7.99123,-8.43E+11,-7.9469,136360074,136360074,200000000,121422,-41.06776,2025-10-13T08:41:24.131Z,2.58,2768331.949,2017-10-19T00:00:00.000Z,,2026-01-31T18:00:58.798Z
ripple,xrp,XRP,https://coin-images.coingecko.com/coins/images/44/large/xrp-symbol-white-128.png?1696501442,143.6,8.73E+12,5,1.43E+13,4.55E+11,163.06,143.17,-17.15561634,-10.67218,-1.06E+12,-10.80049,60853233336,99985724371,1.00E+11,313.99,-54.26716,2025-07-21T15:02:00.541Z,0.159343,90017.08023,2013-08-16T00:00:00.000Z,,2026-01-31T18:01:16.143Z
usd-coin,usdc,USDC,https://coin-images.coingecko.com/coins/images/6319/large/USDC.png?1769615602,91.66,6.42E+12,6,6.42E+12,1.38E+12,91.82,91.63,-0.040758059,-0.04445,-30346327459,-0.47048,70046709390,70048083112,,1327.87,-93.09774,2025-01-23T04:45:51.184Z,65.31,40.3402,2021-05-19T13:14:05.611Z,,2026-01-31T18:01:05.667Z
solana,sol,Solana,https://coin-images.coingecko.com/coins/images/4128/large/solana.png?1718769756,9446.29,5.35E+12,7,5.85E+12,7.58E+11,10880.33,9429.29,-1244.875206,-11.64396,-7.13E+11,-11.76188,566309095.3,619448447.8,,25396,-62.80448,2025-01-19T11:15:27.957Z,38.03,24741.86511,2020-05-11T19:35:23.449Z,,2026-01-31T18:01:15.101Z
tron,trx,TRON,https://coin-images.coingecko.com/coins/images/1094/large/tron-logo.png?1696502193,26.15,2.48E+12,8,2.48E+12,75045153646,27.08,26.13,-0.686309713,-2.55705,-65732949012,-2.58694,94716595597,94716587702,,36.53,-28.39632,2024-12-04T00:10:40.323Z,0.117589,22141.46443,2017-11-12T00:00:00.000Z,"{'times': 149.13833127596206, 'currency': 'usd', 'percentage': 14913.833127596205}",2026-01-31T18:01:15.935Z
staked-ether,steth,Lido Staked Ether,https://coin-images.coingecko.com/coins/images/13442/large/steth_logo.png?1696513206,219707,2.11E+12,9,2.11E+12,6575180309,252251,219429,-29056.01019,-11.68021,-2.79E+11,-11.67858,9578443.26,9578461.01,,430797,-48.89891,2025-08-24T19:21:31.902Z,35697,516.69704,2020-12-22T04:08:21.854Z,,2026-01-31T18:01:10.205Z
dogecoin,doge,Dogecoin,https://coin-images.coingecko.com/coins/images/5/large/dogecoin.png?1696501409,9.34,1.57E+12,10,1.57E+12,1.94E+11,10.85,9.31,-1.320817407,-12.39256,-2.25E+11,-12.51888,1.69E+11,1.69E+11,,53.62,-82.58537,2021-05-08T05:08:23.458Z,0.00552883,168784.2677,2015-05-06T00:00:00.000Z,,2026-01-31T18:01:15.723Z
figure-heloc,figr_heloc,Figure Heloc,https://coin-images.coingecko.com/coins/images/68480/large/figure.png?1755863954,92.18,1.37E+12,11,1.37E+12,900414707,95.5,92.24,-3.173053321,-3.32772,-46722913278,-3.29162,14891974534,14891974534,,120.96,-23.73346,2025-10-28T06:00:43.161Z,13.78,569.24565,2025-10-31T14:57:19.271Z,,2026-01-31T18:01:14.958Z
whitebit,wbt,WhiteBIT Coin,https://coin-images.coingecko.com/coins/images/27045/large/wbt_token.png?1696526096,4513.17,9.65E+11,12,1.45E+12,14978287500,4729.85,4510.3,-156.8837389,-3.35936,-34749405662,-3.47708,213793109,320293109,400000000,5758.63,-21.46621,2025-12-10T20:16:13.582Z,245.71,1740.59064,2022-09-21T23:38:03.675Z,,2026-01-31T18:01:12.466Z
cardano,ada,Cardano,https://coin-images.coingecko.com/coins/images/975/large/cardano.png?1696502090,26.03,9.57E+11,13,1.17E+12,1.04E+11,30.35,25.97,-3.786168197,-12.6977,-1.39E+11,-12.65832,36780903711,45000000000,45000000000,225.26,-88.44382,2021-09-02T06:00:10.474Z,1.38,1792.64247,2017-11-02T00:00:00.000Z,,2026-01-31T18:01:15.758Z
wrapped-steth,wsteth,Wrapped stETH,https://coin-images.coingecko.com/coins/images/18834/large/wstETH.png?1696518295,269239,9.44E+11,14,9.44E+11,11929337738,309308,268558,-35752.92582,-11.72259,-1.23E+11,-11.52754,3498299.161,3498299.161,,562097,-52.01567,2022-05-13T15:09:54.509Z,43204,524.28537,2022-05-13T01:36:45.053Z,,2026-01-31T18:01:10.660Z
wrapped-bitcoin,wbtc,Wrapped Bitcoin,https://coin-images.coingecko.com/coins/images/7598/large/WBTCLOGO.png?1764496367,7173463,8.99E+11,15,8.99E+11,56798434666,7724365,7128312,-416519.3817,-5.48775,-49516347916,-5.22013,124963.4888,124963.4888,,11173809,-35.76659,2025-10-06T18:55:19.650Z,217246,3203.78023,2019-04-02T00:00:00.000Z,,2026-01-31T18:01:06.674Z
bitcoin-cash,bch,Bitcoin Cash,https://coin-images.coingecko.com/coins/images/780/large/bitcoin-cash-circle.png?1696501932,44730,8.95E+11,16,8.95E+11,40673390868,51212,44866,-5822.51952,-11.51787,-1.15E+11,-11.38061,19988415.52,19988415.52,21000000,242198,-81.53183,2017-12-20T00:00:00.000Z,5536.54,707.89716,2018-12-16T00:00:00.000Z,,2026-01-31T18:01:15.719Z
usds,usds,USDS,https://coin-images.coingecko.com/coins/images/39926/large/usds.webp?1726666683,91.66,8.54E+11,17,8.53E+11,759211804,91.81,91.62,-0.04864235,-0.05304,6397680476,0.7552,9312253900,9309675501,,92.23,-0.62195,2026-01-29T16:30:24.390Z,79.67,15.04435,2024-10-03T13:19:28.826Z,,2026-01-31T18:01:17.736Z
binance-bridged-usdt-bnb-smart-chain,bsc-usd,Binance Bridged USDT (BNB Smart Chain),https://coin-images.coingecko.com/coins/images/35021/large/USDT.png?1707233575,91.54,8.23E+11,18,8.23E+11,1.27E+11,91.76,91.31,-0.009624062,-0.01051,82423476,0.01002,8984992789,8984992789,,92.08,-0.56918,2026-01-28T17:45:47.131Z,79.78,14.75188,2024-12-05T22:30:39.827Z,,2026-01-31T18:01:13.214Z
wrapped-beacon-eth,wbeth,Wrapped Beacon ETH,https://coin-images.coingecko.com/coins/images/30061/large/wbeth-icon.png?1696528983,239295,8.05E+11,19,8.05E+11,1211175419,274697,238118,-31682.56484,-11.69195,-1.06E+11,-11.65136,3364753.265,3364753.265,,465545,-48.59502,2025-08-24T19:27:46.809Z,129172,85.26698,2023-10-12T17:25:09.026Z,,2026-01-31T18:01:07.682Z
monero,xmr,Monero,https://coin-images.coingecko.com/coins/images/69/large/monero_logo.png?1696501460,40382,7.47E+11,20,7.47E+11,22743094013,45597,40593,-1385.974996,-3.31824,-23603424996,-3.0621,18446744.07,18446744.07,,72026,-43.93345,2026-01-14T19:34:07.049Z,13.57,297466.8146,2015-01-14T00:00:00.000Z,,2026-01-31T18:01:15.231Z
leo-token,leo,LEO Token,https://coin-images.coingecko.com/coins/images/8418/large/leo-token.png?1696508607,801.7,7.39E+11,21,7.90E+11,86847118,848.91,801.41,-42.88110851,-5.07717,-39511037722,-5.07581,921693173.9,985239504,,888.26,-9.74486,2025-12-01T06:16:28.002Z,56.97,1307.14034,2019-12-24T15:14:35.376Z,,2026-01-31T18:01:07.934Z
wrapped-eeth,weeth,Wrapped eETH,https://coin-images.coingecko.com/coins/images/33033/large/weETH.png?1701438396,238688,7.22E+11,22,7.21E+11,1135765874,274248,238458,-31436.49931,-11.6378,-95184868216,-11.65167,3015593.521,3005687.826,,462576,-48.34984,2025-08-24T19:25:19.771Z,130059,83.70152,2025-04-09T03:10:31.769Z,,2026-01-31T18:01:11.267Z
hyperliquid,hype,Hyperliquid,https://coin-images.coingecko.com/coins/images/50882/large/hyperliquid.jpg?1729431300,2625.18,6.24E+11,24,2.52E+12,63064185034,2992.29,2558.97,-83.55018633,-3.08448,-22444705172,-3.47254,238385316,962274029,1000000000,5213.52,-49.64671,2025-09-18T03:30:30.650Z,321.88,715.57926,2024-11-29T09:30:30.871Z,,2026-01-31T18:01:15.289Z
chainlink,link,Chainlink,https://coin-images.coingecko.com/coins/images/877/large/Chainlink_Logo_500.png?1760023405,878.76,6.22E+11,25,8.78E+11,66091495972,1005.2,875.86,-109.0859594,-11.04281,-78162136075,-11.16915,708099970.5,1000000000,1000000000,3862.15,-77.24688,2021-05-10T00:13:57.214Z,9.55,9104.89342,2017-11-29T00:00:00.000Z,,2026-01-31T18:01:15.764Z
canton-network,cc,Canton,https://coin-images.coingecko.com/coins/images/70468/large/Canton-Ticker_%281%29.png?1762826299,16.5,6.20E+11,23,6.20E+11,4291629889,17.72,15.69,0.628028,3.9575,27090289367,4.56681,37614764868,37614764868,,17.72,-7.71148,2026-01-31T16:41:41.560Z,5.31,208.09865,2025-12-06T10:32:09.784Z,,2026-01-31T18:01:14.970Z
ethena-usde,usde,Ethena USDe,https://coin-images.coingecko.com/coins/images/33613/large/usde.png?1733810059,90.84,5.98E+11,26,5.98E+11,22941764286,91.74,90.76,-0.712447502,-0.77816,-4758804921,-0.78917,6590694953,6590694953,,92.91,-2.2552,2025-12-09T17:10:12.652Z,78.05,16.36577,2024-10-04T07:57:15.809Z,,2026-01-31T18:01:08.749Z
coinbase-wrapped-btc,cbbtc,Coinbase Wrapped BTC,https://coin-images.coingecko.com/coins/images/40143/large/cbbtc.webp?1726136727,7220675,5.70E+11,27,5.70E+11,58775210137,7741696,7205827,-385882.8982,-5.07303,-39237320867,-6.43763,79001.71953,79001.71953,,11175835,-35.53913,2025-10-06T18:58:50.734Z,4820877,49.43424,2024-09-12T14:07:41.775Z,,2026-01-31T18:01:17.602Z
stellar,xlm,Stellar,https://coin-images.coingecko.com/coins/images/100/large/fmpFRHHQ_400x400.jpg?1735231350,15.76,5.13E+11,28,7.87E+11,17510598181,17.93,15.75,-1.86428304,-10.58092,-60641132702,-10.57937,32545777844,50001786884,,58.01,-72.84396,2021-05-16T09:48:45.220Z,0.02966141,53007.52456,2015-03-05T00:00:00.000Z,,2026-01-31T18:01:10.240Z
weth,weth,WETH,https://coin-images.coingecko.com/coins/images/2518/large/weth.png?1696503332,219796,4.93E+11,29,4.92E+11,27503849667,252446,218037,-29093.50258,-11.68934,-61037733495,-11.00905,2244879.68,2238805.905,,432298,-49.15623,2025-08-24T19:28:11.411Z,5908.49,3620.01028,2018-12-15T00:00:00.000Z,,2026-01-31T18:01:10.055Z
usd1-wlfi,usd1,USD1,https://coin-images.coingecko.com/coins/images/54977/large/USD1_1000x1000_transparent.png?1749297002,91.48,4.64E+11,30,4.64E+11,2.27E+11,91.78,91.5,-0.142251649,-0.15526,3585987265,0.77921,5069606694,5069606694,,92.17,-0.73111,2026-01-28T15:56:38.616Z,83.75,9.24728,2025-05-02T03:46:49.689Z,,2026-01-31T18:01:14.185Z
zcash,zec,Zcash,https://coin-images.coingecko.com/coins/images/486/large/circle-zcash-color.png?1696501740,27330,4.52E+11,31,4.52E+11,46111400855,31447,27535,-3294.837615,-10.75882,-54300777416,-10.72657,16511426.73,16511426.73,21000000,211171,-87.05803,2016-10-29T00:00:00.000Z,1342.38,1935.90995,2024-07-05T04:22:29.321Z,,2026-01-31T18:01:14.716Z
litecoin,ltc,Litecoin,https://coin-images.coingecko.com/coins/images/2/large/litecoin.png?1696501400,5325.96,4.09E+11,32,4.09E+11,69072736787,6042.38,5307.85,-653.7571548,-10.9329,-50619533906,-11.02406,76788470.73,76797495.73,84000000,30082,-82.29948,2021-05-10T03:13:07.904Z,72.12,7282.83391,2015-01-14T00:00:00.000Z,,2026-01-31T18:01:12.858Z
usdt0,usdt0,USDT0,https://coin-images.coingecko.com/coins/images/53705/large/usdt0.jpg?1737086183,91.55,4.02E+11,33,4.01E+11,33519622173,91.72,91.28,-0.035727952,-0.03901,1294030083,0.32317,4387371362,4377470984,,92.06,-0.59291,2026-01-28T16:01:36.120Z,83.75,9.27765,2025-05-02T04:26:02.804Z,,2026-01-31T18:01:17.798Z
susds,susds,sUSDS,https://coin-images.coingecko.com/coins/images/52721/large/sUSDS_Coin.png?1734086971,99.17,3.98E+11,35,3.97E+11,3333927665,100.44,97.99,-0.277162984,-0.2787,3620521286,0.91713,4017282601,3998567977,,101.31,-2.14031,2026-01-29T17:05:43.846Z,82.5,20.17025,2025-01-04T01:21:08.460Z,,2026-01-31T18:01:07.635Z
dai,dai,Dai,https://coin-images.coingecko.com/coins/images/9956/large/Badge_Dai.png?1696509996,91.35,3.98E+11,34,3.98E+11,18325559204,92.18,91.32,-0.335139729,-0.36552,269837148,0.06779,4359677987,4359677987,,92.18,-0.88813,2026-01-31T17:21:25.578Z,64.85,40.8818,2019-11-25T00:04:18.137Z,,2026-01-31T18:01:11.165Z
sui,sui,Sui,https://coin-images.coingecko.com/coins/images/26375/large/sui-ocean-square.png?1727791290,101.96,3.86E+11,36,1.02E+12,1.28E+11,119.75,101.92,-15.5641755,-13.24321,-60003880140,-13.44455,3792183075,10000000000,10000000000,458.6,-77.76663,2025-01-04T22:56:18.063Z,30.36,235.8015,2023-10-19T22:05:15.703Z,,2026-01-31T18:01:16.517Z
avalanche-2,avax,Avalanche,https://coin-images.coingecko.com/coins/images/12559/large/Avalanche_Circle_RedWhite_Trans.png?1696512369,894.67,3.86E+11,37,4.14E+11,49774011326,1010.45,892.16,-107.3171888,-10.71044,-46225313071,-10.69505,431648031.5,463317151.8,720000000,10772.35,-91.68201,2021-11-21T14:18:56.538Z,204.63,337.88553,2020-12-31T13:15:21.540Z,,2026-01-31T18:01:06.137Z
shiba-inu,shib,Shiba Inu,https://coin-images.coingecko.com/coins/images/11939/large/shiba.png?1696511800,0.00060052,3.54E+11,38,3.54E+11,16748928540,0.00067529,0.00059851,-6.86E-05,-10.25688,-40658490830,-10.31389,5.89E+14,5.90E+14,,0.00645756,-90.70055,2021-10-28T03:54:55.568Z,4.17E-09,14404271.36,2020-11-28T11:26:25.838Z,,2026-01-31T18:01:15.240Z
hedera-hashgraph,hbar,Hedera,https://coin-images.coingecko.com/coins/images/3688/large/hbar.png?1696504364,8.02,3.45E+11,39,4.01E+11,17504869066,9.22,7.99,-1.093483938,-11.99671,-47107925436,-12.01858,43003138673,50000000000,50000000000,41.81,-80.81516,2021-09-15T10:40:28.318Z,0.703644,1039.83163,2020-01-02T17:30:24.852Z,,2026-01-31T18:01:11.361Z
ethena-staked-usde,susde,Ethena Staked USDe,https://coin-images.coingecko.com/coins/images/33669/large/sUSDe-Symbol-Color.png?1716307680,111.02,3.44E+11,40,3.44E+11,3277863506,111.62,110.98,-0.476192302,-0.42709,-2161589106,-0.6245,3097532336,3097532336,,112.11,-1.00527,2026-01-28T15:56:14.418Z,84.45,31.42064,2024-04-03T07:41:03.191Z,,2026-01-31T18:01:08.862Z
world-liberty-financial,wlfi,World Liberty Financial,https://coin-images.coingecko.com/coins/images/50767/large/wlfi.png?1756438915,12.35,3.37E+11,41,1.24E+12,13409099841,14.36,12.33,-1.665678842,-11.88374,-45325307271,-11.86369,27243802538,1.00E+11,1.00E+11,29.22,-57.73136,2025-09-01T12:20:09.597Z,9.28,33.02829,2025-10-10T21:22:29.880Z,,2026-01-31T18:01:13.557Z
paypal-usd,pyusd,PayPal USD,https://coin-images.coingecko.com/coins/images/31212/large/PYUSD_Token_Logo_2x.png?1765987788,91.75,3.31E+11,42,3.31E+11,15205986028,91.82,91.51,0.066994,0.07307,-714781300.1,-0.2153,3614427535,3614427535,,92.2,-0.53148,2026-01-28T19:05:21.799Z,80.95,13.28764,2023-08-25T16:10:42.670Z,,2026-01-31T18:01:17.156Z
tether-gold,xaut,Tether Gold,https://coin-images.coingecko.com/coins/images/10481/large/Tether_Gold.png?1696510471,441284,3.14E+11,43,3.14E+11,95305492901,452189,435960,-5224.687025,-1.17012,83102970758,35.92223,712747.089,712747.089,,514631,-14.25232,2026-01-29T06:25:57.628Z,108167,307.96718,2020-03-17T09:39:32.572Z,,2026-01-31T18:01:10.033Z
the-open-network,ton,Toncoin,https://coin-images.coingecko.com/coins/images/17980/large/photo_2024-09-10_17.09.00.jpeg?1725963446,120.6,2.94E+11,44,6.21E+11,14299623113,134.97,119.37,-12.10763119,-9.12365,-29615089510,-9.15694,2436172246,5152841221,,689.6,-82.64079,2024-06-15T00:36:51.509Z,38.25,212.92901,2021-09-21T00:33:11.092Z,,2026-01-31T18:01:18.261Z
rain,rain,Rain,https://coin-images.coingecko.com/coins/images/69134/large/Rain_logo_1_.png?1762952191,0.827562,2.81E+11,45,9.52E+11,2852965841,0.878743,0.80392,-0.040556166,-4.67173,-13770191296,-4.66762,3.40E+11,1.15E+12,1.15E+12,0.960194,-13.77776,2026-01-26T21:45:56.203Z,0.196087,322.21037,2025-09-14T08:56:57.416Z,,2026-01-31T18:01:11.560Z
crypto-com-chain,cro,Cronos,https://coin-images.coingecko.com/coins/images/7310/large/cro_token_logo.png?1696507599,7.05,2.80E+11,46,6.92E+11,4559608418,7.78,7.01,-0.597610783,-7.81864,-23349434852,-7.68767,39825960989,98359299618,1.00E+11,72.06,-90.22341,2021-11-24T15:53:54.855Z,0.864137,715.28245,2019-02-08T00:00:00.000Z,,2026-01-31T18:01:17.975Z
polkadot,dot,Polkadot,https://coin-images.coingecko.com/coins/images/12171/large/polkadot.jpg?1766533446,136.97,2.27E+11,47,2.27E+11,19636417325,157.61,136.87,-17.94445975,-11.58358,-29417659431,-11.45219,1660755992,1660755992,,4095.22,-96.64559,2021-11-04T14:10:09.301Z,136.93,0.31922,2026-01-31T17:36:36.855Z,,2026-01-31T18:01:09.956Z
uniswap,uni,Uniswap,https://coin-images.coingecko.com/coins/images/12504/large/uniswap-logo.png?1720676669,349.6,2.22E+11,48,3.14E+11,31045056611,397.59,348.4,-41.50821652,-10.61304,-26203555532,-10.5712,634469278.2,899454420,1000000000,3333.06,-89.51621,2021-05-03T05:25:04.822Z,75.81,360.94325,2020-09-17T01:20:38.214Z,,2026-01-31T18:01:14.969Z
mantle,mnt,Mantle,https://coin-images.coingecko.com/coins/images/30980/large/MNT_Token_Logo.png?1765516974,64.23,2.09E+11,49,4.00E+11,7522888232,72.26,63.54,-6.462793591,-9.14219,-21135711494,-9.18379,3252944056,6219316795,6219316795,253.43,-74.71857,2025-10-09T01:04:46.659Z,25.64,149.91202,2023-10-18T02:50:46.942Z,,2026-01-31T18:01:15.512Z
bitget-token,bgb,Bitget Token,https://coin-images.coingecko.com/coins/images/11610/large/Bitget_logo.png?1736925727,297.97,2.09E+11,50,2.73E+11,3179119107,314.91,297.23,-15.63133131,-4.98453,-10928345704,-4.97846,699992036,916931611,2000000000,722.65,-58.76758,2024-12-27T11:41:24.992Z,1.081,27460.90132,2020-06-25T04:17:05.895Z,,2026-01-31T18:01:14.693Z
memecore,m,MemeCore,https://coin-images.coingecko.com/coins/images/53247/large/square-bg-transparent.png?1752637478,116.31,2.01E+11,51,6.20E+11,853298417,133.82,115.97,-12.10101192,-9.42368,-20663419563,-9.31098,1730505668,5330505668,10000000000,260.79,-55.52247,2025-09-18T07:27:06.144Z,4.05,2762.75309,2025-07-04T03:56:17.448Z,,2026-01-31T18:01:12.737Z
falcon-finance,usdf,Falcon USD,https://coin-images.coingecko.com/coins/images/54558/large/ff_200_X_200.png?1740741076,91.03,1.98E+11,52,1.98E+11,741475328,91.23,90.73,-0.088820239,-0.09748,-125322114.2,-0.06314,2179130971,2179130971,,92.45,-1.52349,2025-05-08T21:25:42.071Z,80.47,13.13703,2025-05-13T17:40:35.908Z,,2026-01-31T18:01:12.297Z
pax-gold,paxg,PAX Gold,443061,1.92E+11,53,1.92E+11,83338440587,455065,438922,-3577.421439,-0.80097,-1754967105,-0.90434,434112.434,434112.434,,516779,-14.26482,2026-01-29T06:30:56.612Z,100361,341.46768,2019-10-26T15:58:49.353Z,,2026-01-31T18:01:12.195Z,
aave,aave,Aave,11349.8,1.72E+11,54,1.82E+11,36724966251,12970.69,11356.53,-1376.711279,-10.81767,-21027428023,-10.87636,15187105.94,16000000,16000000,48387,-76.33324,2021-05-18T21:19:59.514Z,1933.39,492.31251,2020-11-05T09:20:11.928Z,,2026-01-31T18:01:10.071Z,
okb,okb,OKB,8144.23,1.71E+11,55,1.71E+11,4789412399,9340.92,8129.74,-1092.784054,-11.83049,-23025664980,-11.86134,21000000,21000000,21000000,22313,-63.50242,2025-08-22T01:56:37.898Z,40.86,19829.86172,2019-01-14T00:00:00.000Z,,2026-01-31T18:01:07.839Z,
bittensor,tao,Bittensor,17320.11,1.66E+11,56,3.64E+11,14808462910,20001,17280.29,-2184.678347,-11.20073,-20995266749,-11.21606,9597491,21000000,21000000,62722,-72.34844,2024-12-06T12:15:28.199Z,2535.93,583.91643,2023-05-14T08:57:53.732Z,,2026-01-31T18:01:16.911Z,
pepe,pepe,Pepe,0.00037385,1.57E+11,57,1.57E+11,46628355994,0.00043442,0.00037248,-0.000053,-12.32813,-22152633459,-12.35163,4.21E+14,4.21E+14,4.21E+14,0.00237833,-84.28079,2024-12-09T16:30:35.828Z,0.00000452,8170.47419,2023-04-18T02:14:41.591Z,,2026-01-31T18:01:14.871Z,
blackrock-usd-institutional-digital-liquidity-fund,buidl,BlackRock USD Institutional Digital Liquidity Fund,91.68,1.55E+11,58,1.55E+11,,91.85,91.65,-0.014003,-0.01527,-765328353.4,-0.49258,1686334254,1686334254,,92.2,-0.55823,2026-01-28T16:00:11.347Z,83.81,9.39909,2025-05-02T06:30:16.890Z,,2026-01-31T18:00:08.425Z,
hashnote-usyc,usyc,Circle USYC,102.1,1.51E+11,59,1.51E+11,51048,102.28,102.06,-0.035973,-0.03522,-52500050.23,-0.0347,1481464073,1481464073,,102.4,-0.29254,2026-01-30T13:28:05.498Z,86.89,17.49934,2024-12-05T22:31:20.475Z,,2026-01-31T18:01:16.429Z,
global-dollar,usdg,Global Dollar,91.65,1.46E+11,60,1.46E+11,3739700513,91.81,91.63,-0.044859,-0.04892,828037412,0.57,1594150523,1594150523,,143.35,-36.07465,2025-01-30T00:11:05.728Z,76.61,19.61407,2024-11-11T23:55:50.604Z,,2026-01-31T18:01:11.815Z,
htx-dao,htx,HTX DAO,0.00015789,1.45E+11,61,1.45E+11,2916048386,0.00016266,0.00015788,-0.000004,-2.41452,-3459570854,-2.33369,9.17E+14,9.17E+14,1.00E+15,0.00031771,-50.30131,2024-12-04T00:16:20.770Z,0.00006739,134.29187,2024-08-05T13:31:33.427Z,,2026-01-31T18:01:08.000Z,
jupiter-perpetuals-liquidity-provider-token,jlp,Jupiter Perpetuals Liquidity Provider Token,375.51,1.44E+11,62,1.44E+11,3571074185,406.73,374.86,-26.629992,-6.62205,-10264945199,-6.66787,382257342.3,382257342.3,,531.22,-29.03561,2025-10-06T17:35:59.480Z,12.24,2979.70933,2023-11-24T05:55:06.706Z,,2026-01-31T18:01:17.207Z,
lombard-staked-btc,lbtc,Lombard Staked BTC,7224264,81963144756,94,81963144756,705438205,7741673,7188260,-397025.73,-5.209,11311.97,11311.97,,11163127,-35.601,2025-10-06T19:07:38.572Z,4377154,64.237,2024-09-06T21:01:52.094Z,2026-01-31T18:01:10.959Z,,,,
algorand,algo,Algorand,9.1,80645965507,95,80645991767,5976197116,10.45,9.06,-1.169,-11.388,8868301663,8868304551,10000000000,247.29,-96.322,2019-06-20T14:51:19.480Z,7.26,25.377,2023-09-11T19:42:08.247Z,2026-01-31T18:01:09.178Z,,,,
usdtb,usdtb,USDtb,91.47,79045509328,96,79045509328,325284682,92.7,90.79,-0.21,-0.23,865096495.3,865096495.3,,93.12,-1.759,2025-09-20T13:20:33.315Z,77.41,18.186,2025-07-17T08:05:52.672Z,2026-01-31T18:01:14.999Z,,,,
ignition-fbtc,fbtc,Function FBTC,7188108,78924266821,97,78924266821,49079389,7791461,7107709,-371879.57,-4.919,10987.12,10987.12,,11356550,-36.267,2025-10-06T12:50:40.428Z,963091,651.53,2024-09-10T18:18:02.102Z,2026-01-31T18:01:08.879Z,,,,
kaspa,kas,Kaspa,2.94,78798661776,98,79934246003,3827434271,3.49,2.94,-0.494,-14.371,26777148611,27163039778,28704026601,17.36,-83.006,2024-08-01T00:40:47.164Z,0.013,22126.357,2022-05-26T14:42:59.316Z,2026-01-31T18:01:14.914Z,,,,
bridged-usdc-polygon-pos-bridge,usdc.e,Polygon Bridged USDC (Polygon PoS),91.65,78123912039,99,78123912039,2873305861,91.81,91.62,-0.016,-0.018,852448628.7,852448628.7,,92.17,-0.563,2026-01-28T15:55:39.010Z,80.88,13.316,2024-02-28T17:40:28.349Z,2026-01-31T18:01:09.318Z,,,,
superstate-short-duration-us-government-securities-fund-ustb,ustb,Superstate Short Duration U.S. Government Securities Fund (USTB),1006.17,77419845808,100,77419845808,,1007.5,1005.87,-0.45,-0.045,76944929.24,76944929.24,,1011.63,-0.539,2026-01-28T16:00:10.806Z,876.83,14.751,2024-11-01T12:45:33.122Z,2026-01-31T18:00:01.586Z,,,,
nexo,nexo,NEXO,75.67,75592297560,101,75592297560,1050980012,83.32,75.27,-6.999,-8.466,1000000000,1000000000,1000000000,298.99,-74.702,2021-05-12T14:37:47.535Z,3.25,2228.695,2018-09-13T00:00:00.000Z,2026-01-31T18:01:10.016Z,,,,
syrupusdt,syrupusdt,syrupUSDT,101.9,75359210828,102,75359210828,59342123,102.08,100.7,-0.026,-0.026,739558794.9,739558794.9,,102.54,-0.621,2026-01-28T16:01:30.717Z,96.21,5.908,2025-10-16T01:51:28.365Z,2026-01-31T18:01:16.040Z,,,,
arbitrum,arb,Arbitrum,12.48,72668292008,103,1.25E+11,14256621035,14.44,12.47,-1.739,-12.232,5826785045,10000000000,10000000000,198.19,-93.684,2024-01-12T12:29:59.231Z,12.5,0.158,2026-01-31T17:37:24.197Z,2026-01-31T18:01:11.117Z,,,,
midnight-3,night,Midnight,4.31,71425065882,104,1.03E+11,1874216505,4.8,4.29,-0.454,-9.53,16607399401,24000000000,24000000000,10.66,-59.731,2025-12-09T09:29:38.386Z,2.14,100.76,2025-12-09T09:48:36.670Z,2026-01-31T18:01:15.073Z,,,,
render-token,render,Render,135.66,70293910395,105,72294143417,9355369046,157.95,135.04,-18.018,-11.724,518714713,533474886.3,644245094,1121.89,-87.908,2024-03-17T16:30:24.636Z,2.79,4762.246,2020-06-16T13:22:25.900Z,2026-01-31T18:01:18.654Z,,,,
flare-networks,flr,Flare,0.838,69979997264,106,87887061527,602509572,0.938,0.833,-0.085,-9.229,83459176614,1.05E+11,,12.35,-93.229,2023-01-10T03:14:05.921Z,0.688,21.512,2023-10-19T23:41:38.524Z,2026-01-31T18:01:08.618Z,,,,
filecoin,fil,Filecoin,92.93,68910772321,107,1.82E+11,14675473069,109.77,92.99,-14.937,-13.848,742023158,1958375283,,17367.85,-99.461,2021-04-01T13:29:41.564Z,75.27,24.411,2025-10-10T21:26:46.200Z,2026-01-31T18:01:15.815Z,,,,
wrappedm-by-m0,wm,WrappedM by M0,91.62,67965365323,108,67965365323,935473008,91.92,91.56,-0.064,-0.069,741764254.1,741764254.1,,1357.72,-93.249,2025-09-04T16:49:45.002Z,83.83,9.339,2025-05-02T06:29:57.474Z,2026-01-31T18:01:12.569Z,,,,
janus-henderson-anemoy-aaa-clo-fund,jaaa,Janus Henderson Anemoy AAA CLO Fund,93.92,66687495060,109,66687495060,,94.09,93.89,-0.014,-0.015,710021691.9,710021691.9,,94.38,-0.483,2026-01-28T16:05:07.292Z,89.64,4.782,2025-11-19T05:25:01.654Z,2026-01-31T18:00:10.038Z,,,,
ondo-us-dollar-yield,usdy,Ondo US Dollar Yield,105.68,66483951843,110,1.33E+11,484140009,105.69,99.54,4.49,4.435,629121770.7,1253813414,,105.23,-3.924,2024-03-27T05:24:08.110Z,77.42,30.577,2024-01-14T11:40:50.825Z,2026-01-31T18:01:08.684Z,,,,
ousg,ousg,OUSG,10465.26,63441406294,111,63441406294,0,10481.95,10460.17,-2.747,-0.026,6062092.98,6062092.98,,10520.12,-0.521,2026-01-28T16:00:10.739Z,7844.42,33.41,2023-03-22T20:00:17.106Z,2026-01-31T18:00:01.953Z,,,,
vechain,vet,VeChain,0.734,63125831848,112,63125831848,2723522337,0.864,0.732,-0.117,-13.748,85985041177,85985041177,86712634466,20.95,-96.497,2021-04-19T01:08:21.675Z,0.145,406.7,2020-03-13T02:29:59.652Z,2026-01-31T18:01:13.160Z,,,,
mantle-staked-ether,meth,Mantle Staked Ether,241044,63023634166,113,63023634166,451070078,275372,235622,-29401.25,-10.871,263817.62,263817.62,,463953,-48.127,2025-08-24T19:26:54.562Z,128314,87.559,2025-04-09T01:32:38.082Z,2026-01-31T18:01:07.032Z,,,,
xdce-crowd-sale,xdc,XDC Network,3.16,60375389526,114,1.20E+11,2126349348,3.36,3.16,-0.191,-5.688,19088302226,38044594127,,14.32,-77.933,2021-08-21T04:39:48.324Z,0.027,11513.262,2019-07-22T00:00:00.000Z,2026-01-31T18:01:13.368Z,,,,
liquid-staked-ethereum,lseth,Liquid Staked ETH,234563,60246038920,115,60246038920,16840857,268739,233724,-33251.03,-12.416,256751.28,256751.28,,465835,-49.576,2025-08-24T19:17:38.271Z,113614,106.747,2023-03-10T10:47:08.985Z,2026-01-31T18:01:16.336Z,,,,
kinetic-staked-hype,khype,Kinetiq Staked HYPE,2647.7,60063107549,116,60063107549,892867623,3034.13,2573.17,-96.022,-3.5,22684995.81,22684995.81,,5224.74,-50.281,2025-09-18T01:45:16.367Z,1900.52,36.682,2026-01-21T12:10:48.414Z,2026-01-31T18:01:16.529Z,,,,
eutbl,eutbl,Spiko EU T-Bills Money Market Fund,113.7,59269653138,117,59269653138,,114.03,113.66,-0.168,-0.147,521286675.5,521286675.5,,115.38,-1.454,2026-01-29T00:40:08.785Z,84.72,34.213,2024-08-20T06:40:12.965Z,2026-01-31T17:55:09.251Z,,,,
solv-btc,solvbtc,Solv Protocol BTC,7221215,57837260468,118,57837295112,60027745,7726941,7215574,-377690.38,-4.97,7992.18,7992.18,21000000,11153453,-35.253,2025-10-06T17:25:17.426Z,4113386,75.561,2024-08-05T06:28:45.311Z,2026-01-31T18:01:07.691Z,,,,
polygon-pos-bridged-dai-polygon-pos,dai,Polygon PoS Bridged DAI (Polygon POS),91.66,57716554171,119,57716554171,5767792323,91.82,91.57,-0.057,-0.063,629636180.7,629636180.7,,92.18,-0.574,2026-01-28T15:57:53.493Z,81.04,13.094,2024-12-05T22:30:49.634Z,2026-01-31T18:01:11.582Z,,,,
coca,coca,COCA,117.88,56794996692,120,1.18E+11,65193716,118.17,112.33,4.69,4.13924,481800000,1000000000,1000000000,149.63,2026-01-20T04:15:23.650Z,8.41,2025-06-13T07:01:09.451Z,2026-01-31T18:01:15.239Z,,,,,,
arbitrum-bridged-wbtc-arbitrum-one,wbtc,Arbitrum Bridged WBTC (Arbitrum One),7190118,56599759434,121,56599759434,16161833062,7727883,7140486,-400092.92,-5.27117,7862.81,7862.81,,11199793,2025-10-06T19:06:49.202Z,4173761,2024-08-05T13:30:13.831Z,2026-01-31T18:01:18.332Z,,,,,,
usdai,usdai,USDai,91.62,56592552069,122,56592552069,459563029,91.82,91.6,-0.05,-0.04971,617700102.8,617700102.8,,104.92,2025-09-04T16:12:39.608Z,68.25,2025-09-26T20:45:27.490Z,2026-01-31T18:01:18.035Z,,,,,,
bonk,bonk,Bonk,0.00063531,55871666702,123,55871666703,10199239989,0.00075247,0.0006337,-0.000106,-14.25602,8.80E+13,8.80E+13,8.80E+13,0.00491619,2024-11-20T04:01:06.465Z,0.00000714,2022-12-29T22:48:46.755Z,2026-01-31T18:01:12.348Z,,,,,,
morpho,morpho,Morpho,101.46,55339217070,124,1.01E+11,3082039163,111.74,101.2,-8.11,-7.3976,545515929.5,1000000000,1000000000,361.23,2025-01-17T12:46:19.818Z,60.2,2024-11-25T01:55:43.353Z,2026-01-31T18:01:14.627Z,,,,,,
clbtc,clbtc,clBTC,7136775,53611782594,125,53611782594,4932.5,7752360,6941639,-440559.47,-5.81417,7723.22,7723.22,,11387388,2025-10-07T04:50:38.696Z,4386055,2025-04-21T12:36:24.067Z,2026-01-31T18:01:16.203Z,,,,,,
usual-usd,usd0,Usual USD,91.38,52994758949,126,52994758949,953643668,93,91.17,0.21,0.22851,579721451.8,579721451.8,,110.74,2024-07-12T08:28:59.311Z,81.88,2024-08-05T06:27:12.976Z,2026-01-31T18:01:13.435Z,,,,,,
beldex,bdx,Beldex,6.94,52576002499,127,68685299019,1121528331,7.35,6.83,-0.33,-4.55559,7605413155,9935713099,,32.42,2018-12-17T00:00:00.000Z,0.01949843,2019-11-01T11:05:12.090Z,2026-01-31T18:01:10.469Z,,,,,,
l2-standard-bridged-weth-base,weth,L2 Standard Bridged WETH (Base),219832,52220599590,128,52220599590,81461892058,252207,219754,-29142.81,-11.70512,237094.48,237094.48,,432526,2025-08-24T19:25:21.091Z,120416,2025-04-09T01:31:06.248Z,2026-01-31T18:01:17.216Z,,,,,,
janus-henderson-anemoy-treasury-fund,jtrsy,Janus Henderson Anemoy Treasury Fund,100.2,51936434348,129,51936434348,0,100.38,100.17,-0.05,-0.05167,518328892.3,518328892.3,,100.75,2026-01-28T16:00:11.284Z,95.98,2025-11-19T05:25:04.387Z,2026-01-31T18:00:01.487Z,,,,,,
sei-network,sei,Sei,7.73,51089327541,130,77264988721,5642234762,8.81,7.7,-0.9,-10.37608,6612222222,10000000000,,94.47,2024-03-16T02:30:23.904Z,7.74,2026-01-31T17:35:11.157Z,2026-01-31T18:01:09.378Z,,,,,,
stakewise-v3-oseth,oseth,StakeWise Staked ETH,233684,50897726226,131,50897730059,188871106,268336,233682,-30695.16,-11.61026,217206.48,217206.5,,454718,2025-08-24T19:14:00.394Z,126078,2025-04-09T01:32:44.161Z,2026-01-31T18:01:14.690Z,,,,,,
jupiter-exchange-solana,jup,Jupiter,15.67,50811945382,132,1.08E+11,5458423535,19.55,15.62,-2.8,-15.1429,3243891295,6863982904,10000000000,166.05,2024-01-31T15:02:47.304Z,15.35,2025-12-18T20:00:47.784Z,2026-01-31T18:01:11.068Z,,,,,,
dash,dash,Dash,4030.86,50671061802,133,50671159206,16869723677,4771.84,4030.71,-607.06,-13.08908,12575987.99,12576012.17,18920000,95552,2017-12-20T00:00:00.000Z,13.82,2014-02-14T00:00:00.000Z,2026-01-31T18:01:07.974Z,,,,,,
renzo-restaked-eth,ezeth,Renzo Restaked ETH,235201,50070632101,134,50070632101,62078307,269988,235201,-31114.86,-11.68345,212354.71,212354.71,,456487,2025-08-24T19:25:30.766Z,125620,2025-04-09T01:30:57.856Z,2026-01-31T18:01:16.096Z,,,,,,
wrapped-flare,wflr,Wrapped Flare,0.833468,49051642838,135,49051642838,809264356,0.940785,0.828574,-0.09,-9.71973,58852493130,58852493130,,4.42,2024-02-26T15:21:58.097Z,0.684363,2023-10-19T23:44:42.550Z,2026-01-31T18:01:15.361Z,,,,,,
river,river,River,2456.89,48141125523,136,2.46E+11,3859204573,3356.06,2430.91,-794.25,-24.42996,19600000,100000000,100000000,8042.31,2026-01-26T12:05:27.820Z,140.15,2025-09-23T10:10:45.893Z,2026-01-31T18:01:15.770Z,,,,,,
story-2,ip,Story,134.18,47005855886,137,1.38E+11,9048843618,167.98,131.55,-30.86,-18.69714,349633892.6,1023160382,,1302.35,2025-09-21T21:07:34.521Z,87.81,2025-02-14T03:11:08.309Z,2026-01-31T18:01:14.878Z,,,,,,
binance-peg-xrp,xrp,Binance-Peg XRP,143.73,46830650000,138,46830650000,530902498,163.31,142.36,-16.97,-10.56121,325799999.9,325799999.9,,314.4,2025-07-21T15:06:34.510Z,22.71,2022-06-18T20:16:35.723Z,2026-01-31T18:01:11.123Z,,,,,,
a7a5,a7a5,A7A5,1.19,46824337812,139,46824337812,483019,1.21,1.17,-0.01,-0.49259,39187910888,39187910888,,20.14,2025-08-14T23:03:39.275Z,0.00091492,2025-08-21T17:43:44.693Z,2026-01-31T18:01:12.528Z,,,,,,
gho,gho,GHO,91.61,46531020118,140,46531020118,1074924952,91.73,91.55,-0.03,-0.03088,507824915.1,507824915.1,,92.12,2026-01-28T15:58:24.604Z,76.18,2023-10-24T04:41:04.568Z,2026-01-31T18:01:13.733Z,,,,,,
jupiter-staked-sol,jupsol,Jupiter Staked SOL,10987.03,46444500769,141,46444500769,887859003,12687.97,10974.55,-1483.54,-11.89634,4223612.56,4223612.56,,26813,2025-01-19T11:22:28.048Z,9071.08,2025-04-07T07:01:06.676Z,2026-01-31T18:01:12.431Z,,,,,,
pancakeswap-token,cake,PancakeSwap,137.95,45982906043,142,47825709287,6672912347,156.7,136.44,-17.28,-11.12929,333509050.7,346874703.5,400000000,3259.75,2021-04-30T03:23:20.257Z,14.48,2020-11-03T14:29:34.165Z,2026-01-31T18:01:17.988Z,,,,,,
arbitrum-bridged-weth-arbitrum-one,weth,Arbitrum Bridged WETH (Arbitrum One),219887,45803934185,143,45803934185,46307344500,252328,219285,-28614.04,-11.51464,208163.57,208163.57,,432482,2025-08-24T19:25:21.070Z,120514,2025-04-09T01:32:31.046Z,2026-01-31T18:01:08.015Z,,,,,,
true-usd,tusd,TrueUSD,91.46,45237466099,144,45237466099,686443878,91.7,91.31,-0.06,-0.06629,494515083,494515083,,112.93,2018-08-26T20:41:09.375Z,64.32,2018-03-25T00:00:00.000Z,2026-01-31T18:01:14.758Z,,,,,,
tezos,xtz,Tezos,41.62,44691438485,145,45526318071,2232279373,47.13,41.61,-4.89,-10.52255,1073871513,1093932479,,676.89,2021-10-04T09:55:03.229Z,24.73,2018-12-07T00:00:00.000Z,2026-01-31T18:01:13.390Z,,,,,,
fasttoken,ftn,Fasttoken,99.74,43268344600,146,86846509871,976705427,99.85,99.33,0.12,0.12271,433818053,870742437,1000000000,403.42,2025-08-05T02:34:13.695Z,30.21,2025-12-17T09:47:12.406Z,2026-01-31T18:01:16.180Z,,,,,,
pudgy-penguins,pengu,Pudgy Penguins,0.686301,43123784671,147,54732202360,13339228769,0.831706,0.686013,-0.13,-15.64546,62860396090,79781678383,88888888888,5.81,2024-12-17T13:05:22.873Z,0.320882,2025-04-09T01:31:57.832Z,2026-01-31T18:01:12.684Z,,,,,,
tbtc,tbtc,tBTC,7174523,42965417625,148,42965417625,1633559502,7735307,7080606,-418341.3155,-5.50966,6020.1639,6020.1639,,11146594,-35.63484,2025-10-06T17:18:25.106Z,745454,862.43709,2020-09-23T00:00:00.000Z,2026-01-31T18:01:11.789Z,,,,
first-digital-usd,fdusd,First Digital USD,91.42,41691342846,149,41691342846,21305763024,91.57,91.35,-0.0324,-0.03543,456143819.1,456143819.1,,100.07,-8.69222,2025-02-03T02:30:49.959Z,78.29,16.71407,2023-08-17T21:55:41.478Z,2026-01-31T18:01:14.729Z,,,,
blockstack,stx,Stacks,23.02,40837228142,150,40837228142,1880743832,26.86,22.98,-3.2127,-12.24689,1774278476,1774278476,,322.23,-92.85742,2024-04-01T12:34:58.342Z,3.44,568.34618,2020-03-13T02:29:26.415Z,2026-01-31T18:01:07.226Z,,,,
c8ntinuum,ctm,c8ntinuum,9.26,40380074241,151,82332957079,118025223,10.55,9.26,-1.1342,-10.9123,4359542107,8888888888,8888888888,13.05,-28.47544,2026-01-13T08:52:02.584Z,0.709073,1216.21217,2025-09-02T07:57:45.921Z,2026-01-31T18:01:18.573Z,,,,
optimism,op,Optimism,20.68,40195089376,152,88800607273,8946830567,24.72,20.63,-3.6363,-14.95381,1944092497,4294967296,4294967296,401.58,-94.82536,2024-03-06T08:35:50.817Z,20.78,0.02045,2026-01-31T17:37:28.622Z,2026-01-31T18:01:17.116Z,,,,
chiliz,chz,Chiliz,3.92,40142025369,153,40142025369,10533884222,4.62,3.88,-0.5397,-12.10236,10249169000,10249169000,,63.87,-93.86237,2021-03-13T08:04:21.200Z,0.290329,1250.16918,2019-09-28T00:00:00.000Z,2026-01-31T18:01:14.327Z,,,,
lorenzo-wrapped-bitcoin,enzobtc,Lorenzo Wrapped Bitcoin,8081711,39853882562,154,39853882562,439.81,,,,-4931.367,4931.367,,10269165,-21.30119,2025-10-13T22:56:57.032Z,7354965,9.88103,2025-11-26T17:31:06.426Z,2026-01-29T09:05:10.028Z,,,,,
stable-2,stable,​​Stable,2.13,38340451344,155,2.13E+11,3273699307,2.37,2.11,0.0102,0.48101,18000000000,1.00E+11,1.00E+11,2.93,-26.85577,2026-01-29T03:31:13.014Z,0.827533,159.29006,2025-12-24T05:49:32.232Z,2026-01-31T18:01:14.498Z,,,,
curve-dao-token,crv,Curve DAO,25.95,38201222193,156,60898340735,8039148888,29.82,25.9,-3.4331,-11.6839,1472454466,2347307982,3030303031,1150.14,-97.73517,2020-08-14T00:00:00.000Z,15.17,71.68416,2024-08-05T11:41:26.119Z,2026-01-31T18:01:10.452Z,,,,
euro-coin,eurc,EURC,108.57,37781377138,157,37781377138,2507125243,109.09,108.43,-0.3061,-0.28115,347874272.3,347874272.3,,111.47,-2.57349,2023-03-14T09:50:50.729Z,4.35,2398.16596,2022-12-09T03:16:34.877Z,2026-01-31T18:01:09.630Z,,,,
fetch-ai,fet,Artificial Superintelligence Alliance,16.47,37613551660,158,44636126011,6873679396,19.35,16.37,-2.4314,-12.8663,2287332089,2714384547,2714384547,287.87,-94.28541,2024-03-28T17:21:18.050Z,0.616804,2567.11162,2020-03-13T02:24:18.347Z,2026-01-31T18:01:18.502Z,,,,
virtual-protocol,virtual,Virtuals Protocol,57.09,37509819038,159,57155849290,9392250406,70.1,57.16,-10.8098,-15.92027,656272621.3,1000000000,1000000000,434.45,-86.73133,2025-01-02T06:15:38.599Z,0.622571,9159.32391,2024-01-23T20:55:21.653Z,2026-01-31T18:01:15.176Z,,,,
resolv-usr,usr,Resolv USR,91.6,37217085219,160,37217085219,50450483,91.79,91.45,-0.0752,-0.08201,406682390.6,406677399.8,,92.16,-0.70997,2026-01-28T15:57:27.379Z,82.39,11.07112,2024-10-23T15:45:00.239Z,2026-01-31T18:01:10.927Z,,,,
gteth,gteth,GTETH,219879,36938113617,161,36938113617,31688743,252230,219288,-28582.31,-11.50375,168103.851,168103.851,159790,421674,-47.89855,2025-10-07T13:30:07.330Z,219288,0.18719,2026-01-31T17:37:17.633Z,2026-01-31T18:01:16.604Z,,,,
resolv-wstusr,wstusr,Resolv wstUSR,103.51,36498684266,162,36498684266,268434926,103.75,103.51,-0.0827,-0.07984,352622477.5,352622477.5,,104.16,-0.62117,2026-01-28T15:56:53.741Z,50.75,103.93963,2025-06-13T16:42:20.457Z,2026-01-31T18:01:17.466Z,,,,
usdb,usdb,USDB,85.88,34910426079,163,34910426079,11059108,92.91,84.93,-5.6846,-6.20818,406046631.6,406046631.6,,96.08,-10.5219,2026-01-27T09:07:37.709Z,73.79,16.50127,2025-10-10T21:28:37.488Z,2026-01-31T18:01:14.938Z,,,,
steakhouse-usdc-morpho-vault,steakusdc,Steakhouse USDC Morpho Vault,102.32,34342041645,164,34318802202,638.27,102.63,102.05,-0.033578739,-0.03281,-3946569727,-10.30742,335646470.7,335419336.9,,840.29,-87.85068,2025-02-07T09:20:06.126Z,88.95,14.76584,2024-12-09T21:05:02.038Z,2026-01-31T17:50:33.327Z,,
ether-fi-liquid-eth,liquideth,Ether.Fi Liquid ETH,236862,33734338202,166,33734338202,178539,271525,238378,-30771.33564,-11.49757,-3429006112,-9.22685,142421.92,142421.92,,396838,-39.93069,2025-10-27T05:30:49.462Z,238378,0,2026-01-31T17:42:39.282Z,2026-01-31T18:01:09.768Z,,
kinesis-gold,kau,Kinesis Gold,14090.95,33624222089,165,33624222089,88515664,14794.19,13755.11,-98.88352,-0.69686,-225974778.9,-0.66757,2386227.83,2386227.83,,16520.49,-14.33621,2026-01-29T06:18:12.049Z,3614.27,291.56145,2023-04-21T21:02:50.248Z,2026-01-31T18:01:11.657Z,,
doublezero,2z,DoubleZero,9.57,33259760645,167,95810315657,1283673618,11.25,9.58,-1.48558,-13.43768,-5179921830,-13.47545,3471417500,10000000000,10000000000,79.28,-87.83011,2025-10-02T13:11:45.813Z,9.05,6.64588,2025-12-18T20:00:59.738Z,2026-01-31T18:01:11.683Z,,
lighter,lit,Lighter,132.68,33194709615,168,1.33E+11,5402995719,166.73,129.25,-25.3747,-16.05478,-6317992339,-15.98978,250000000,1000000000,1000000000,705.52,-81.00533,2025-12-30T09:05:21.222Z,129.25,3.68,2026-01-31T17:15:05.863Z,2026-01-31T18:01:17.910Z,,
bittorrent,btt,BitTorrent,3.36E-05,33123886004,169,33223022929,1194443671,3.52E-05,3.36E-05,-1.46E-06,-4.1721,-1423877676,-4.12148,9.87E+14,9.90E+14,9.90E+14,0.00025579,-86.87753,2022-01-21T04:00:31.909Z,3.04E-05,10.38293,2023-10-13T05:10:41.241Z,2026-01-31T18:01:11.439Z,,
sbtc-2,sbtc,sBTC,7223267,32794895281,170,32794895281,9669013,7764261,7224468,-405155.56,-5.31113,-1833514433,-5.29483,4539.35,4539.35,,18420094,-60.78016,2025-10-18T13:10:54.662Z,4340711,66.43199,2025-06-06T20:20:33.912Z,2026-01-31T18:01:09.772Z,,
just,jst,JUST,3.67,32363002568,171,32363002568,2958152241,3.88,3.66,-0.13496,-3.54555,-1183789687,-3.52877,8815108921,8815108921,9900000000,14.19,-74.13252,2021-04-05T04:34:23.454Z,0.359754,920.56919,2020-05-09T06:08:54.872Z,2026-01-31T18:01:06.877Z,,
msol,msol,Marinade Staked SOL,12777.71,32285344010,172,32285344010,879273342,14763.63,12631.21,-1702.61,-11.75809,-4220864559,-11.56205,2520451,2520451,,31497,-59.23876,2025-01-19T11:26:02.862Z,739.61,1635.8243,2022-12-29T20:45:33.039Z,2026-01-31T18:01:15.251Z,,
lido-dao,ldo,Lido DAO,37.53,31743845292,173,37497153437,4653428445,44.07,37.45,-5.67263,-13.12927,-4860875141,-13.27937,846566802.6,1000000000,1000000000,543.56,-93.06913,2021-08-20T08:35:20.158Z,31.66,18.97846,2022-06-18T20:55:12.035Z,2026-01-31T18:01:09.838Z,,
injective-protocol,inj,Injective,317.45,31719308040,174,31719308040,6324327488,373.94,316.82,-50.15939,-13.64476,-5016618253,-13.65589,100000000,100000000,,4364.19,-92.69036,2024-03-14T15:06:22.124Z,49.02,550.83217,2020-11-03T16:19:30.576Z,2026-01-31T18:01:17.220Z,,
coinbase-wrapped-staked-eth,cbeth,Coinbase Wrapped Staked ETH,246296,31046497209,175,91962281544,443005801,282955,246383,-32841.22,-11.76525,-4058394698,-11.56077,126037.71,373334.08,,475212,-48.15706,2025-08-24T19:27:49.680Z,84350,192.07231,2022-11-09T23:45:43.665Z,2026-01-31T18:01:08.233Z,,
aerodrome-finance,aero,Aerodrome Finance,33.6,30862353637,176,61634801275,2597630032,39.75,33.61,-3.9511,-10.52208,-3572988101,-10.37593,916931368.8,1831191599,,196.44,-82.76824,2024-12-12T14:31:14.082Z,0.0015484,2186091.39,2023-10-17T01:23:50.860Z,2026-01-31T18:01:10.482Z,,
layerzero,zro,LayerZero,151.85,30764296808,177,1.52E+11,9827634356,191.87,150.85,-27.51729,-15.34173,-5531968355,-15.24115,202629028.1,1000000000,1000000000,632.92,-75.99248,2024-12-06T14:15:52.674Z,99.55,52.63815,2025-10-10T21:27:10.208Z,2026-01-31T18:01:15.011Z,,
syrup,syrup,Maple Finance,26.45,30581956646,178,32140764949,1475645886,31.35,26.42,-4.45654,-14.42168,-5161488723,-14.44038,1157145693,1216127148,,56.23,-52.57656,2025-06-25T14:15:45.145Z,7.31,264.54141,2025-04-07T07:46:35.793Z,2026-01-31T18:01:14.902Z,,
apenft,nft,AINFT,3.08E-05,30561515873,179,30561515873,1350034969,3.13E-05,3.07E-05,-4.41E-07,-1.40881,-388651057.6,-1.25573,9.90E+14,9.90E+14,1.00E+15,0.00054965,-94.38382,2021-09-05T00:10:47.823Z,2.46E-05,25.33531,2023-06-10T04:30:05.717Z,2026-01-31T18:01:12.572Z,,
sun-token,sun,Sun Token,1.58,30390883677,180,31492218376,3590669815,1.69,1.58,-0.09673,-5.75991,-1836536914,-5.69868,19204768724,19900730000,,4880.96,-99.96763,2020-09-11T03:18:35.837Z,0.374246,322.1357,2022-11-14T04:45:13.210Z,2026-01-31T18:01:14.829Z,,
stader-ethx,ethx,Stader ETHx,237230,30100613814,181,30100613814,24243948,272394,236655,-31657.99,-11.77368,-3873539831,-11.40143,126536.96,126536.96,,458789,-48.21587,2025-08-24T19:18:48.111Z,127353,86.55284,2025-04-09T01:32:31.885Z,2026-01-31T18:01:12.860Z,,
ether-fi,ethfi,Ether.fi,42.91,30021104146,182,42863479136,5878039084,51.33,42.9,-6.701,-13.50591,-4753487430,-13.66943,699363510,998535999,1000000000,711.06,-93.9501,2024-03-27T23:14:46.721Z,34.7,23.95636,2025-04-07T06:55:38.982Z,2026-01-31T18:01:17.195Z,,
floki,floki,FLOKI,0.00310331,29980382531,183,31050776751,5342471182,0.00364337,0.0031029,-0.00047,-13.17887,-4613425350,-13.33599,9.66E+12,1.00E+13,1.00E+13,0.02877055,-89.16766,2024-06-05T07:25:59.137Z,6.26E-06,49664.11339,2021-07-06T01:11:20.438Z,2026-01-31T18:01:16.005Z,,
kinesis-silver,kag,Kinesis Silver,8019.72,29724998295,184,29724998295,482047061,11009.29,7288.74,14.31,0.17879,-62040866.09,-0.20828,3721963.82,3721963.82,,11154.72,-29.66723,2026-01-29T14:41:37.542Z,362.2,2066.04745,2024-02-11T14:01:27.124Z,2026-01-31T18:01:08.719Z,,
kaia,kaia,Kaia,4.92,28856566064,185,28856566995,1925009805,5.45,4.9,-0.37584,-7.09572,-2090110656,-6.75391,5856641747,5856641936,,34.46,-85.75797,2024-12-03T00:11:32.242Z,4.59,6.92522,2026-01-20T22:40:25.188Z,2026-01-31T18:01:12.854Z,,
staked-aave,stkaave,Staked Aave,11432.15,28673001787,186,28673001787,4180103,12933.55,11425.16,-1442.32,-11.20293,-3415463161,-10.6439,2505745.21,2505745.21,,18558.34,-38.41866,2025-12-12T10:19:20.312Z,11425.16,0.02904,2026-01-31T17:37:31.345Z,2026-01-31T18:01:15.229Z,,
bitcoin-cash-sv,bsv,Bitcoin SV,1429.79,28614553042,187,28614602267,891932519,1566.33,1429.92,-118.62,-7.6609,-2298466335,-7.43527,19982221.88,19982256.25,21000000,36495,-96.08191,2021-04-16T17:09:04.630Z,1429.92,0,2026-01-31T18:00:44.505Z,2026-01-31T18:01:09.319Z,,
axie-infinity,axs,Axie Infinity,168.4,28429547070,188,45464563448,12625903723,198.66,168.37,-25.28804,-13.05581,-4161204220,-12.76805,168834299.2,270000000,270000000,12233.95,-98.59979,2021-11-06T19:29:29.482Z,9.17,1767.65099,2020-11-06T08:05:43.662Z,2026-01-31T18:01:11.418Z,,
the-graph,grt,The Graph,2.65,28336958109,189,28606377939,2158459124,3.09,2.65,-0.37501,-12.40849,-4005814936,-12.3855,10698544067,10800262816,10800262823,206.81,-98.71649,2021-02-12T07:28:45.775Z,2.65,0.16903,2026-01-31T17:37:45.395Z,2026-01-31T18:01:08.041Z,,
celestia,tia,Celestia,32.47,28327470259,190,37619254323,6079279122,38.19,32.36,-5.07252,-13.51169,-4520975650,-13.76313,873918803,1160575703,,1730.96,-98.11798,2024-02-10T14:30:02.495Z,32.68,-0.31484,2026-01-31T17:40:09.616Z,2026-01-31T18:01:14.136Z,,
gnosis,gno,Gnosis,10631.93,28090690698,192,31926209760,806956127,12149.01,10637.65,-1442.74,-11.94851,-3762882657,-11.81306,2639589,3000000,3000000,47603,-77.66439,2021-11-08T17:29:32.318Z,519.75,1945.67053,2020-03-13T02:24:11.825Z,2026-01-31T18:01:15.402Z,,
crvusd,crvusd,crvUSD,90.5,28054492389,191,28100079115,11621506416,93.45,89.96,-1.23949,-1.35106,-472567623.3,-1.65656,309965772.3,310469446.5,,96.91,-6.69872,2025-10-10T21:41:18.869Z,78.57,15.08542,2023-08-08T06:48:54.117Z,2026-01-31T18:01:08.584Z,,
decred,dcr,Decred,1610.84,27795584185,193,27795630482,1069954771,1908.1,1570.52,24.19,1.52463,454322608,1.66167,17252653.18,17252681.92,21000000,18443.33,-91.26963,2021-04-17T00:41:14.790Z,29.25,5404.74543,2016-12-26T00:00:00.000Z,2026-01-31T18:01:13.047Z,,
trust-wallet-token,twt,Trust Wallet,66.76,27793116171,194,66706163067,1663585550,75.47,65.87,-7.90314,-10.58439,-3314952618,-10.65625,416649900,1000000000,,224.28,-70.23136,2022-12-11T23:25:46.205Z,0.209814,31720.99345,2020-06-09T09:15:06.983Z,2026-01-31T18:01:12.491Z,,
usx,usx,USX,91.67,27727095531,195,27727095531,78191114,92.47,91.57,-0.03972,-0.04331,529819,0.00191,302453854.3,302453854.3,,95.56,-3.63984,2026-01-28T23:06:53.718Z,74.4,23.75843,2025-12-26T04:30:55.143Z,2026-01-31T18:01:07.981Z,,
cap-usd,cusd,Cap USD,94.81,27475463364,196,27475463364,3313510,96.03,88.27,3.07,3.34573,-242121983,-0.87353,302610182.4,302610182.4,,103.87,-12.78799,2025-10-10T21:42:31.469Z,84.14,7.65652,2025-10-02T15:05:38.504Z,2026-01-31T18:01:09.348Z,,
ether-fi-staked-eth,eeth,ether.fi Staked ETH,212427,27425289400,197,7.55E+11,15270664,252999,218024,-36423.77852,-14.63679,123570.2298,3401935.017,,445450,2024-08-06T16:16:30.007Z,85844,2025-09-02T06:51:33.410Z,2026-01-31T18:01:07.081Z,,,,,,
bitcoin-avalanche-bridged-btc-b,btc.b,Avalanche Bridged BTC (Avalanche),7206181,27331868609,198,27331868609,2782822565,7740365,7198426,-396732.8116,-5.21817,3788.627312,3788.627312,,11167653,2025-10-06T18:58:38.316Z,642787,2023-03-03T05:01:42.603Z,2026-01-31T18:01:07.499Z,,,,,,
iota,iota,IOTA,6.32,26928014224,199,30365782413,1375482672,7.24,6.3,-0.759506272,-10.73577,4263483099,4807781184,,336.22,2017-12-19T00:00:00.000Z,6.16,2020-03-13T02:22:41.168Z,2026-01-31T18:01:13.117Z,,,,,,
pyth-network,pyth,Pyth Network,4.66,26806459529,200,46620071240,2331966556,5.55,4.65,-0.777490732,-14.30051,5749982532,10000000000,10000000000,99.17,2024-03-16T07:01:15.357Z,4.67,2026-01-31T17:36:38.540Z,2026-01-31T18:01:11.144Z,,,,,,
binance-peg-busd,busd,Binance-Peg BUSD,91.46,26543374111,202,26543374111,370209439,92.15,90.35,0.03481806,0.03809,290088732.5,290088732.5,,101.04,2025-09-21T07:13:14.819Z,79.48,2023-11-21T17:49:36.929Z,2026-01-31T18:01:11.316Z,,,,,,
sentient,sent,Sentient,3.66,26498101887,201,1.26E+11,49248479490,4.29,3.23,0.28492,8.43882,7237882055,34359738368,34359738368,4.29,2026-01-31T01:12:58.574Z,1.82,2026-01-22T11:36:50.486Z,2026-01-31T18:01:18.704Z,,,,,,
olympus,ohm,Olympus,1686.47,26443858093,203,35589028069,299407762,1843.64,1659.56,-152.7544279,-8.30537,15645551.39,21056305.99,,121096,2021-04-29T00:00:00.000Z,616.08,2022-11-26T16:36:26.296Z,2026-01-31T18:01:17.826Z,,,,,,
wrapped-apecoin,wape,Wrapped ApeCoin,13.02,26124829551,204,26124829551,45799479,15.61,13.02,-2.249299311,-14.73422,2007048982,2007048982,,1514.61,2025-01-26T04:28:45.303Z,1.47E-15,2024-12-28T10:46:22.205Z,2026-01-31T18:01:15.407Z,,,,,,
undeads-games,uds,Undeads Games,208.43,25976025952,205,52140124724,30380774,211.13,208.27,-1.422583775,-0.6779,124549116.9,250000000,250000000,284.28,2025-12-03T04:55:25.257Z,3.42,2024-10-30T01:15:20.768Z,2026-01-31T18:01:18.574Z,,,,,,
wrapped-stx-velar,wstx,Wrapped STX (Velar),25.71,25706447534,206,25706447534,45452,26.21,25.7,-0.466946241,-1.78405,1000000000,1000000000,,250.58,2024-12-06T02:20:05.579Z,20.29,2025-06-06T10:19:24.497Z,2026-01-31T18:01:16.431Z,,,,,,
conflux-token,cfx,Conflux,4.96,25572803662,207,28412553354,1755101321,5.82,4.96,-0.782725927,-13.63924,5159697336,5732659500,,123.22,2021-03-27T03:43:35.178Z,1.82,2022-12-30T11:56:26.931Z,2026-01-31T18:01:09.169Z,,,,,,
starknet,strk,Starknet,4.91,25541439576,208,49060180631,6322458102,5.73,4.89,-0.690211175,-12.33212,5206144626,10000000000,10000000000,366.16,2024-02-20T12:05:13.556Z,4.89,2026-01-31T17:25:52.230Z,2026-01-31T18:01:13.224Z,,,,,,
jasmycoin,jasmy,JasmyCoin,0.515237,25492175739,209,25778315204,2626962502,0.600002,0.515078,-0.058242596,-10.15601,49444999678,50000000000,50000000000,347.8,2021-02-16T03:53:32.207Z,0.227783,2022-12-29T20:41:09.113Z,2026-01-31T18:01:14.285Z,,,,,,
frax,frax,Legacy Frax Dollar,90.92,25110916623,210,25110916623,3993674197,91.06,90.56,-0.075120656,-0.08255,276155150.5,276155150.5,,91.62,2026-01-28T15:57:21.629Z,67.16,2021-12-04T05:33:57.315Z,2026-01-31T18:01:09.621Z,,,,,,
newton-project,ab,AB,0.250517,24720225951,212,24720225951,516321165,0.258434,0.250119,-0.006114319,-2.38253,98823661261,98823661261,1.00E+11,1.49,2025-03-11T15:16:32.915Z,0.00031373,2022-10-11T02:32:18.937Z,2026-01-31T18:01:09.799Z,,,,,,
the-sandbox,sand,The Sandbox,9.28,24718129489,211,27801405413,4565701419,10.69,9.28,-1.187670348,-11.35104,2667289202,3000000000,3000000000,625.46,2021-11-25T06:04:40.957Z,2.16,2020-11-04T15:59:14.441Z,2026-01-31T18:01:14.577Z,,,,,,
telcoin,tel,Telcoin,0.256552,24382483205,213,25644922104,321674538,0.298281,0.255674,-0.033698629,-11.6102,95077236367,1.00E+11,1.00E+11,4.74,2021-05-11T00:32:24.043Z,0.00488759,2020-03-13T02:24:47.992Z,2026-01-31T18:01:06.778Z,,,,,,
ethereum-name-service,ens,Ethereum Name Service,628.6,23981658755,214,62773156271,2933382930,758.97,626.8,-112.9656263,-1523343,38203684.79,100000000,100000000,6205.48,2021-11-11T02:20:01.099Z,556.54,2023-10-20T01:50:14.889Z,2026-01-31T18:01:16.783Z,,,,,,
binance-peg-dogecoin,doge,Binance-Peg Dogecoin,9.34,23897978702,215,23897978702,481207460,10.86,9.28,-1.321272419,-12.38894,2564000000,2564000000,,40.69,2024-12-08T04:37:38.676Z,3.86,2022-06-18T20:56:27.223Z,2026-01-31T18:01:13.334Z,,,,,,
unit-bitcoin,ubtc,Unit Bitcoin,7229683,23668488209,216,1.52E+14,9273046557,7742880,7207522,-381221.85,-5.01,3272.76,20999999.99,21000000,11187453,2025-10-06T19:05:35.447Z,6296343,2025-04-07T06:56:28.361Z,2026-01-31T18:01:16.197Z,,,,,,
staked-cap-usd,stcusd,Staked Cap USD,99.55,23590630593,225,23590630593,724.33,100.56,92.43,3.51,3.65,236962564.2,236962564.2,,100.56,2026-01-30T19:25:01.517Z,91.48,2026-01-20T17:35:03.898Z,2026-01-31T18:00:05.479Z,,,,,,
susdai,susdai,Staked USDai,97.58,23511828650,217,23511828650,356167416,97.8,97.56,-0.11,-0.11,240960434.3,240960434.3,,103.63,2025-08-22T21:13:17.584Z,70.58,2025-09-26T20:45:25.301Z,2026-01-31T18:01:13.021Z,,,,,,
kite-2,kite,Kite,12.93,23274276805,218,1.29E+11,4897287160,13.76,12.18,0.43,3.44,1800000000,10000000000,10000000000,14.83,2026-01-29T03:18:23.587Z,5.48,2025-11-04T08:21:02.065Z,2026-01-31T18:01:14.440Z,,,,,,
pendle,pendle,Pendle,140.9,23032676423,219,39721268546,7660510416,167.57,140.8,-26.68,-15.92,163245809.2,281527448.5,,625.59,2024-04-11T08:25:36.646Z,2.73,2022-06-14T02:52:33.840Z,2026-01-31T18:01:06.454Z,,,,,,
spx6900,spx,SPX6900,24.77,23000517483,220,23000517483,1923694601,31.14,24.66,-5.33,-17.7,930993080.9,930993080.9,1000000000,196.84,2025-07-28T11:24:33.852Z,0.11,2024-02-04T19:12:19.110Z,2026-01-31T18:01:16.758Z,,,,,,
btse-token,btse,BTSE Token,141.61,22949594468,222,28322080601,1139105416,142.55,138.78,-0.75,-0.53,162061501,200000000,200000000,702.29,2022-03-23T09:11:07.549Z,5.49,2025-10-10T22:48:11.249Z,2026-01-31T18:01:13.559Z,,,,,,
adi-token,adi,ADI,235.14,22894365194,221,2.35E+11,895303962,269.93,217.47,-32.63,-12.19,97364999.92,999999999,999999999,269.93,2026-01-30T18:55:54.984Z,87.73,2025-12-10T08:56:29.630Z,2026-01-31T18:01:07.150Z,,,,,,
zksync,zk,ZKsync,1.93,22835808481,223,54564271859,1863587063,2.3,1.94,-0.31,-13.84,8788754285,21000000000,21000000000,26.81,2024-06-17T07:44:40.385Z,1.94,2026-01-31T17:26:14.088Z,2026-01-31T18:01:15.775Z,,,,,,
kraken-wrapped-btc,kbtc,Kraken Wrapped BTC,7205691,22718784468,224,22718784468,51304827,7757936,7176977,-402639.17,-5.29,3150.73,3150.73,,11189541,2025-10-06T18:57:36.012Z,6220257,2024-10-29T08:08:58.386Z,2026-01-31T18:01:16.745Z,,,,,,
dogwifcoin,wif,dogwifhat,22.6,22513996953,226,22513996953,13635072021,26.96,22.52,-4.15,-15.51,998926392,998926392,998926392,402.36,2024-03-31T09:34:58.366Z,0.13,2023-12-13T07:13:50.873Z,2026-01-31T18:01:10.344Z,,,,,,
humanity,h,Humanity,12.17,22218691830,227,1.22E+11,12204427819,13.1,12.06,-0.82,-6.33,1825000000,10000000000,10000000000,34.11,2025-10-25T09:06:05.244Z,1.55,2025-06-27T01:20:39.339Z,2026-01-31T18:01:08.033Z,,,,,,
mimblewimblecoin,mwc,MimbleWimbleCoin,1994.89,21943290146,228,21943383906,11658434,2022.99,1961.26,7.23,0.36,10999740.47,10999787.47,20000000,3360.8,2025-01-31T13:06:55.142Z,21.36,2019-12-05T00:00:00.000Z,2026-01-31T18:01:06.968Z,,,,,,
gate-wrapped-btc,gtbtc,Gate Wrapped BTC,7209550,21721973648,229,21721973648,57696702,7732353,7028648,-360137.1,-4.76,3006.86,3006.86,,11178348,2025-10-06T19:07:22.810Z,7028648,2026-01-31T17:37:53.784Z,2026-01-31T18:01:17.876Z,,,,,,
astherus-staked-bnb,asbnb,Aster Staked BNB,75652,21592938268,230,21592938268,102091836,83455,75622,-6728.55,-8.17,285483.16,285480.83,,128207,2025-10-13T08:47:24.976Z,28398,2025-03-05T16:31:21.049Z,2026-01-31T18:01:10.072Z,,,,,,
bridged-usd-coin-starkgate,usdc,StarkGate Bridged USDC (Starknet),91.65,20653653398,231,20653653398,110736835,91.81,91.62,-0.05,-0.05,225354680.7,225354680.7,,92.18,2026-01-28T15:57:50.147Z,77.26,2024-01-30T06:57:36.948Z,2026-01-31T18:01:16.715Z,,,,,,
nusd-2,nusd,Neutrl USD,91.41,20627110341,232,20627110341,49154936,92.77,90.53,-0.27,-0.29,225579192.2,225579192.2,,92.95,2026-01-26T14:37:59.461Z,86.49,2025-11-20T16:41:47.097Z,2026-01-31T18:01:09.763Z,,,,,,
benqi-liquid-staked-avax,savax,BENQI Liquid Staked AVAX,1116.22,20615404568,233,20615404568,223360659,1259.96,1111.72,-133.62,-10.69,18474597.32,18474597.32,,7869.05,2022-04-02T13:44:54.612Z,767.61,2023-09-14T12:26:14.318Z,2026-01-31T18:01:12.781Z,,,,,,
ape-and-pepe,apepe,Ape and Pepe,0.00009774,20523954415,234,20523954415,2858938004,0.0000998,0.00009772,-0.00000191,-1.92,2.10E+14,2.10E+14,2.10E+14,0.00058203,2024-11-22T02:30:11.107Z,0.0000575,2025-09-17T13:43:50.892Z,2026-01-31T18:01:08.778Z,,,,,,
binance-wrapped-btc,bbtc,Binance Wrapped BTC,7062604,20515024843,235,20515024843,10609199,7722839,7037208,-547092.8128,-7.18942,-1553097263,-7.03774,2900,2900,,153591204,-95.40398,2022-09-23T11:30:32.728Z,792808,790.38898,2022-09-23T17:43:33.907Z,2026-01-31T18:01:10.244Z,,
zebec-network,zbcn,Zebec Network,0.207887,20339812066,236,20764649387,1078983913,0.238226,0.206967,-0.029151082,-12.29807,-2910007029,-12.51626,97951721016,99997637009,1.00E+11,0.59785,-65.19618,2025-05-30T03:06:13.015Z,0.058786,253.95204,2024-08-05T13:31:51.088Z,2026-01-31T18:01:16.672Z,,
gala,gala,GALA,0.428577,20213538171,237,20213538171,3813285761,0.502567,0.427215,-0.066102939,-13.36276,-3125258829,-13.39083,47185245252,47185245252,50000000000,61.46,-99.30014,2021-11-26T01:03:48.731Z,0.00991417,4238.34538,2020-12-28T08:46:48.367Z,2026-01-31T18:01:11.732Z,,
ylds,ylds,YLDS,91.68,20099435118,238,20099435118,14118261,91.84,91.65,-0.052674987,-0.05743,-10157273.47,-0.05051,219246327.1,219246327.1,,92.2,-0.56563,2026-01-28T15:56:19.499Z,87.62,4.63084,2025-08-27T20:03:18.161Z,2026-01-31T18:01:16.389Z,,
plasma,xpl,Plasma,9.3,20035104458,239,92946360887,8280390278,11.65,9.28,-2.096158755,-18.3948,-4559364252,-18.53817,2155555556,10000000000,,149.21,-93.73557,2025-09-28T01:31:40.327Z,9.35,-0.00443,2026-01-31T17:35:13.867Z,2026-01-31T18:01:14.521Z,,
usda-2,usda,USDa,90.48,19968789642,240,19968789642,0,90.58,90.47,-0.10104753,-0.11155,-22299231.57,-0.11155,220693947.6,220693947.6,,90.58,-0.11155,2026-01-30T23:40:41.732Z,62.48,44.81564,2024-12-06T09:52:06.910Z,2026-01-31T18:01:11.864Z,,
fartcoin,fartcoin,Fartcoin,19.87,19860814580,241,19860814580,6920762790,24.25,19.9,-3.25227616,-14.06468,-3326769717,-14.3472,999979560.9,999979560.9,1000000000,214.63,-90.66407,2025-01-19T20:41:07.782Z,1.68,1089.81088,2024-10-30T07:56:04.381Z,2026-01-31T18:01:09.757Z,,
agora-dollar,ausd,AUSD,91.64,19834016917,242,19834016917,3879475892,91.8,91.59,-0.069809959,-0.07612,-24870488.9,-0.12524,216456853,216456853,,92.19,-0.61226,2026-01-28T15:57:20.070Z,80.49,13.83094,2024-12-05T22:30:43.844Z,2026-01-31T18:01:10.519Z,,
polygon-pos-bridged-weth-polygon-pos,weth,Polygon PoS Bridged WETH (Polygon POS),219909,19775684348,243,19775684348,1349118621,252123,219743,-28670.1142,-11.53359,-2453541487,-11.03746,89731.6818,89731.6818,,432202,-48.94163,2025-08-24T19:27:23.389Z,120118,83.71487,2025-04-09T01:31:27.335Z,2026-01-31T18:01:08.504Z,,
hastra-wrapped-ylds,wylds,Hastra Wrapped YLDS,91.64,19737708815,244,19737708815,1176242,91.8,91.62,-0.047476336,-0.05178,-6792758.629,-0.0344,215390970.7,215390970.7,,92.15,-0.56341,2026-01-28T15:57:21.719Z,89.03,2.92765,2025-12-28T14:26:58.492Z,2026-01-31T18:01:17.014Z,,
wrapped-hype,whype,Wrapped HYPE,2616.75,19683353452,245,19683353452,19373453178,2999.67,2557.12,-88.37556632,-3.26696,-813851169.7,-3.97055,7512894.353,7512894.353,,5193.68,-50.25432,2025-09-18T03:38:35.014Z,809.56,219.14121,2025-04-07T07:00:52.802Z,2026-01-31T18:01:12.277Z,,
hastra-prime,prime,PRIME,93.54,19663182104,246,19663182104,46212,93.72,92.61,0.909869,0.9823,193128142,0.99192,210200700.5,210200700.5,,94.01,-0.49461,2026-01-28T17:31:07.956Z,89.31,4.74048,2025-12-07T09:59:56.890Z,2026-01-31T18:01:16.206Z,,
decentraland,mana,Decentraland,10.11,19394998559,247,22165085344,2254908064,11.67,10.11,-1.352466074,-11.80249,-2595839375,-11.80419,1919086222,2193179327,,435.95,-97.68252,2021-11-25T10:04:18.534Z,0.597438,1591.0803,2017-10-31T00:00:00.000Z,2026-01-31T18:01:08.025Z,,
ibc-bridged-usdc,usdc.n,Noble USDC,91.73,19318502245,248,19318502245,63275182,92.26,90.79,0.162186,0.17713,3763824,0.01949,210750236,210750236,,158.48,-42.0506,2025-11-15T06:16:33.060Z,42.31,117.07649,2025-11-16T09:37:44.211Z,2026-01-31T18:01:10.903Z,,
raydium,ray,Raydium,71.63,19244727001,249,39757941674,3149896141,85.46,71.46,-12.26378732,-14.61848,-3321886978,-14.72036,268646288.9,555000000,555000000,1237.65,-94.19429,2021-09-12T20:20:23.998Z,11.13,545.45635,2022-12-29T22:15:53.927Z,2026-01-31T18:01:18.065Z,,
theta-token,theta,Theta Network,19.1,19101714646,250,19101714646,1242219291,22.4,19.1,-2.766934516,-12.6522,-2766640546,-12.65134,1000000000,1000000000,1000000000,1170.34,-98.36781,2021-04-16T13:15:11.190Z,2.96,544.51885,2018-12-15T00:00:00.000Z,2026-01-31T18:01:11.845Z,,
